# Data from Holland and Powell (1998), https://onlinelibrary.wiley.com/doi/epdf/10.1111/j.1525-1314.1998.00140.x
# Digital data obtained from Xiang and Connolly (2021), https://onlinelibrary.wiley.com/doi/full/10.1111/jmg.12626
name of phase component,,DfG,Hf,sd(Hf),S,V,a,b,c,d,e,f,g,a0,K,Tc,Smax,Vmax,v1,v2,k0,k0',v1,v2,v3,v4,d0,d1,d2,d3,d4,d5,d6,Tmin,Tmax,dv,T1,T2,T3,T4,T5,T6,T7,T8,T9,T10,Index,?End-member ,DfG,DfH,,
akermanite,ak,-3669802,-3866360,1060,212.5,9.254,385.4,0.003209,-247500,-2889.9,,,,0.0000508,1420000,0,0,0,,,,,,,,,,,,,,,,,,,,,,,,,,,,,1,akermanite ,-3668890,-3866200,0,-160
almandine,alm,-4939678,-5263520,1320,340,11.511,677.3,0,-3772700,-5044,,,,0.0000403,1690000,0,0,0,,,,,,,,,,,,,,,,,,,,,,,,,,,,,2,almandine ,-4939800,-5263650,0,130
andalusite,and,-2440974,-2588800,700,92.7,5.153,277.3,-0.006588,-1914100,-2265.6,,,,0.0000411,1334000,0,0,0,,,,,,,,,,,,,,,,,,,,,,,,,,,,,3,andalusite ,-2440970,-2588770,0,-30
andradite,andr,-5425532,-5768130,1720,318,13.204,638.6,0,-4955100,-3989.2,,,,0.0000393,1590000,0,0,0,,,,,,,,,,,,,,,,,,,,,,,,,,,,,4,andradite ,-5424330,-5768090,0,-40
clinohumite ,chum,-9040280,-9607320,3130,445,19.785,1070,-0.016533,-7899600,-7373.9,,,,0.000061,1290000,0,0,0,,,,,,,,,,,,,,,,,,,,,,,,,,,,,5,clinohumite ,-9062780,-9637840,0,30520
clinozoisite ,cz,-6503730,-6898150,1430,301,13.63,567,0.018063,-7034000,-2603,,,,0.000046,1120000,0,0,0,,,,,,,,,,,,,,,,,,,,,,,,,,,,,6,clinozoisite ,-6502980,-6898110,0,-40
epidote ,ep,-6077160,-6463210,1390,328,13.91,544.6,0.024781,-11230000,-1192.1,,,,0.0000505,1233000,0,0,0,,,,,,,,,,,,,,,,,,,,,,,,,,,,,7,epidote ,-6076410,-6463200,0,-10
fayalite ,fa,-1378935,-1478150,710,151,4.631,201.1,0.01733,-1960600,-900.9,,,,0.0000505,1330000,0,0,0,,,,,,,,,,,,,,,,,,,,,,,,,,,,,8,fayalite ,-1378980,-1478220,0,70
FeCchloritoid ,fctd,-2977847,-3215380,820,155,6.98,484.6,-0.013808,-198900,-4762.2,,,,0.0000542,1465000,0,0,0,,,,,,,,,,,,,,,,,,,,,,,,,,,,,9,Fe�Cchloritoid ,-2973740,-3209170,0,-6210
FeCcordierite ,fcrd,-7948950,-8436070,1720,475,23.71,851.5,0.044724,-6645000,-5623.4,,,,0.0000076,810000,1800,20,0.2,,,,,,,,,,,,,,,,,,,,,,,,,,,,,10,Fe�Ccordierite ,-7949440,-8436510,0,440
FeCepidote ,fep,-5625095,-6002180,1380,357,14.19,520.1,0.031499,-15426000,218.8,,,,0.0000505,1294000,0,0,0,,,,,,,,,,,,,,,,,,,,,,,,,,,,,11,Fe�Cepidote ,-5624340,-6002190,0,10
FeCstaurolite ,fst,-22282050,-23753930,6560,1010,44.88,2880,-0.056595,-10642000,-25373,,,,0.000012,1200000,0,0,0,,,,,,,,,,,,,,,,,,,,,,,,,,,,,12,Fe�Cstaurolite ,-22282230,-23753880,0,-50
ferrosumilite ,fosm,-13424050,-14248460,4210,762,38.32,1656,-0.034163,-6497700,-14114.3,,,,0.000008,800000,0,0,0,,,,,,,,,,,,,,,,,,,,,,,,,,,,,13,ferrosumilite ,-13424600,-14248960,0,500
forsterite ,fo,-2053098,-2172200,720,95.1,4.366,233.3,0.001494,-603800,-1869.7,,,,0.0000613,1250000,0,0,0,,,,,,,,,,,,,,,,,,,,,,,,,,,,,14,forsterite ,-2052750,-2171850,0,-350
gehlenite ,geh,-3785638,-3986880,1430,202,9.024,405.7,-0.007099,-1188300,-3174.4,,,,0.0000417,1080000,700,11,0.097,,,,,,,,,,,,,,,,,,,,,,,,,,,,,15,gehlenite ,-3784820,-3986790,0,-90
grossular ,gr,-6282130,-6644150,1600,255,12.535,626,0,-5779200,-4002.9,,,,0.0000393,1680000,0,0,0,,,,,,,,,,,,,,,,,,,,,,,,,,,,,16,grossular ,-6280940,-6644070,0,-80
hydrous cordierite ,hcrd,-8890748,-9446980,2030,487.3,23.322,869.7,0.051995,-7723700,-5251.2,,,,0.0000076,810000,1800,20,0.2,,,,,,,,,,,,,,,,,,,,,,,,,,,,,17,hydrous cordierite ,-8891080,-9447250,0,270
kyanite ,ky,-2442541,-2593110,700,83.5,4.414,279.4,-0.007124,-2055600,-2289.4,,,,0.0000404,1590000,0,0,0,,,,,,,,,,,,,,,,,,,,,,,,,,,,,18,kyanite ,-2442590,-2593130,0,20
larnite ,lrn,-2192451,-2307200,1000,127.6,5.16,247.5,-0.003206,0,-2051.9,,,,0.0000505,1200000,1710,10.03,0.05,,,,,,,,,,,,,,,,,,,,,,,,,,,,,19,larnite ,-2191740,-2307250,0,50
lawsonite ,law,-4513342,-4869140,860,230,10.132,687.8,0.001566,375900,-7179.2,,,,0.0000582,1014000,0,0,0,,,,,,,,,,,,,,,,,,,,,,,,,,,,,20,lawsonite ,-4513040,-4869190,0,50
merwinite ,merw,-4318964,-4546420,1500,253.1,9.847,417.5,0.008117,-2923000,-2320.3,,,,0.0000615,1200000,0,0,0,,,,,,,,,,,,,,,,,,,,,,,,,,,,,21,merwinite ,-4317730,-4546320,0,-100
MgCchloritoid ,mctd,-3307805,-3551420,850,140,6.875,464.4,-0.012654,-1147200,-4341,,,,0.0000542,1465000,0,0,0,,,,,,,,,,,,,,,,,,,,,,,,,,,,,22,Mg�Cchloritoid ,-3313560,-3559530,0,8110
MgCcordierite ,crd,-8652904,-9163370,1680,407.5,23.322,821.3,0.043339,-8211200,-5000,,,,0.0000076,810000,1800,20,0.2,,,,,,,,,,,,,,,,,,,,,,,,,,,,,23,Mg�Ccordierite ,-8653240,-9163640,0,270
MgCstaurolite ,mst,-23593360,-25101490,6690,910,44.26,2820.5,-0.059366,-13774000,-24126,,,,0.000012,1200000,0,0,0,,,,,,,,,,,,,,,,,,,,,,,,,,,,,24,Mg�Cstaurolite ,-23595240,-25103090,0,1600
MnCchloritoid ,mnctd,-3093616,-3329280,1710,166,7.175,464.4,-0.012654,-1147200,-4341,,,,0.0000542,1465000,0,0,0,,,,,,,,,,,,,,,,,,,,,,,,,,,,,25,Mn�Cchloritoid ,-3095300,-3330930,0,1650
MnCcordierite ,mncrd,-8191239,-8681180,3630,475,24.027,847.7,0.02849,-7668200,-5311.4,,,,0.0000076,810000,1800,20,0.2,,,,,,,,,,,,,,,,,,,,,,,,,,,,,26,Mn�Ccordierite ,-8191830,-8681710,0,530
MnCstaurolite ,mnst,-22730540,-24203880,8900,1024,45.46,2873.3,-0.089064,-12688000,-24749,,,,0.000012,1200000,0,0,0,,,,,,,,,,,,,,,,,,,,,,,,,,,,,27,Mn�Cstaurolite ,-22732930,-24206000,0,2120
monticellite ,mont,-2135156,-2253050,590,108.1,5.148,250.7,-0.010433,-797200,-1996.1,,,,0.0000563,1120000,0,0,0,,,,,,,,,,,,,,,,,,,,,,,,,,,,,28,monticellite ,-2134630,-2252900,0,-150
osumilite(1) ,osm1,-14122370,-14968190,4060,701,37.893,1625.8,-0.035548,-8063500,-13490.9,,,,0.0000076,810000,0,0,0,,,,,,,,,,,,,,,,,,,,,,,,,,,,,29,osumilite(1) ,-14122730,-14968470,0,280
osumilite(2) ,osm2,-13972930,-14810340,4460,724,38.44,1610.6,-0.034457,-8262100,-13128.8,,,,0.0000076,810000,0,0,0,,,,,,,,,,,,,,,,,,,,,,,,,,,,,30,osumilite(2) ,-13973340,-14810690,0,350
phase A ,phA,-6610174,-7130410,2220,350,15.442,964,-0.011521,-4517800,-7724.7,,,,0.0000826,1450000,0,0,0,,,,,,,,,,,,,,,,,,,,,,,,,,,,,31,phase A ,-6609650,-7129870,0,-540
pumpellyite ,pump,-13448820,-14389500,2600,629,29.55,1720.8,-0.024928,-5998700,-14620.3,,,,0.00005,1615000,0,0,0,,,,,,,,,,,,,,,,,,,,,,,,,,,,,32,pumpellyite ,-13448330,-14390450,0,950
pyrope ,py,-5934074,-6284720,1260,266.3,11.318,633.5,0,-5196100,-4315.2,,,,0.0000436,1737000,0,0,0,,,,,,,,,,,,,,,,,,,,,,,,,,,,,33,pyrope ,-5933620,-6284230,0,-490
rankinite ,rnk,-3744458,-3944430,1510,210,9.651,372.3,-0.002893,-2462400,-2181.3,,,,0.000065,950000,0,0,0,,,,,,,,,,,,,,,,,,,,,,,,,,,,,34,rankinite ,-3743350,-3944460,0,30
sillimanite ,sill,-2438689,-2585680,700,95.5,4.986,280.2,-0.0069,-1375700,-2399.4,,,,0.0000221,1320000,2200,4,0.035,,,,,,,,,,,,,,,,,,,,,,,,,,,,,35,sillimanite ,-2438930,-2585890,0,210
spessartine ,spss,-5326378,-5646400,3180,367,11.792,584.6,-0.001593,-7516700,-2750.1,,,,0.0000462,1790000,0,0,0,,,,,,,,,,,,,,,,,,,,,,,,,,,,,36,spessartine ,-5326310,-5646300,0,-100
sphene ,sph,-2454564,-2595550,1040,131.2,5.565,233.7,0.004043,-2306500,-1207.6,,,,0.000042,1100000,0,0,0,,,,,,,,,,,,,,,,,,,,,,,,,,,,,37,sphene ,-2454150,-2595550,0,0
spurrite ,spu,-5536430,-5849520,2460,330,14.697,614.1,-0.003508,-2493100,-4168,,,,0.000065,950000,0,0,0,,,,,,,,,,,,,,,,,,,,,,,,,,,,,38,spurrite ,-5534670,-5849690,0,170
tephroite ,teph,-1631705,-1732280,1300,155.9,4.899,219.6,0,-1292700,-1308.3,,,,0.0000505,1200000,0,0,0,,,,,,,,,,,,,,,,,,,,,,,,,,,,,39,tephroite ,-1631580,-1732150,0,-130
tilleyite ,ty,-6010067,-6368160,2450,390,17.039,741.7,-0.005345,-1434600,-5878.5,,,,0.000065,950000,0,0,0,,,,,,,,,,,,,,,,,,,,,,,,,,,,,40,tilleyite ,-6008280,-6368330,0,170
hydroxytopaz ,tpz,-2689922,-2904980,970,100.5,5.339,387.7,-0.00712,-857200,-3744.2,,,,0.0000404,1315000,0,0,0,,,,,,,,,,,,,,,,,,,,,,,,,,,,,41,hydroxytopaz ,-2689970,-2905000,0,20
vesuvianite ,vsv,-39905540,-42352670,9860,1890,85.2,4488,-0.057952,-22269300,-33478,,,,0.00005,1670000,0,0,0,,,,,,,,,,,,,,,,,,,,,,,,,,,,,42,vesuvianite ,-39897470,-42351620,0,-1050
zircon ,zrc,-1918228,-2032770,1720,84.03,3.926,237,-0.01788,-149600,-2267.8,,,,0.0000222,1160000,0,0,0,,,,,,,,,,,,,,,,,,,,,,,,,,,,,43,zircon ,-1917350,-2031850,0,-920
zoisite ,zo,-6502998,-6898610,1400,297,13.575,595.7,0.062297,-5921300,-3394.7,,,,0.000067,1120000,0,0,0,,,,,,,,,,,,,,,,,,,,,,,,,,,,,44,zoisite ,-6502250,-6898570,0,-40
acmite ,acm,-2419328,-2586650,4280,170.6,6.459,307.1,0.016758,-1685500,-2125.8,,,,0.0000466,1060000,0,0,0,,,,,,,,,,,,,,,,,,,,,,,,,,,,,45,acmite ,-2419310,-2586690,0,40
CaCtschermak pyroxene ,cats,-3129708,-3307030,860,138,6.356,347.6,-0.006974,-1781600,-2757.5,,,,0.0000443,1140000,0,0,0,,,,,,,,,,,,,,,,,,,,,,,,,,,,,46,Ca�Ctschermak pyroxene ,-3129290,-3306960,0,-70
diopside ,di,-3028393,-3202760,780,142.7,6.619,314.5,0.000041,-2745900,-2020.1,,,,0.000057,1223000,0,0,0,,,,,,,,,,,,,,,,,,,,,,,,,,,,,47,diopside ,-3027800,-3202540,0,-220
enstatite ,en,-2915730,-3090470,890,132.5,6.262,356.2,-0.00299,-596900,-3185.3,,,,0.0000505,1070000,0,0,0,,,,,,,,,,,,,,,,,,,,,,,,,,,,,48,enstatite ,-2915530,-3090260,0,-210
ferrosilite ,fs,-2234433,-2388630,900,190.6,6.592,398.7,-0.006579,1290100,-4058,,,,0.0000632,1010000,0,0,0,,,,,,,,,,,,,,,,,,,,,,,,,,,,,49,ferrosilite ,-2234530,-2388750,0,120
hedenbergite ,hed,-2680795,-2844160,1020,174.2,6.795,340.2,0.000812,-1047800,-2646.7,,,,0.000057,1200000,0,0,0,,,,,,,,,,,,,,,,,,,,,,,,,,,,,50,hedenbergite ,-2680390,-2844150,0,-10
jadeite ,jd,-2849148,-3027850,1860,133.5,6.04,301.1,0.010143,-2239300,-2055.1,,,,0.0000466,1284000,0,0,0,,,,,,,,,,,,,,,,,,,,,,,,,,,,,51,jadeite ,-2849100,-3027830,0,-20
MgCtschermak pyroxene ,mgts,-3012580,-3189320,790,131,5.9,371.4,-0.004082,-398400,-3547.1,,,,0.0000508,1144000,0,0,0,,,,,,,,,,,,,,,,,,,,,,,,,,,,,52,Mg�Ctschermak pyroxene ,-3012120,-3188830,0,-490
pseudowollastonite ,pswo,-1544196,-1627690,530,88.2,4.008,157.8,0,-967300,-1075.4,,,,0.0000539,1050000,0,0,0,,,,,,,,,,,,,,,,,,,,,,,,,,,,,53,pseudowollastonite ,-1543800,-1627670,0,-20
pyroxmangite ,pxmn,-1245214,-1322530,810,99.3,3.472,138.4,0.004088,-1936000,-538.9,,,,0.0000508,1250000,0,0,0,,,,,,,,,,,,,,,,,,,,,,,,,,,,,54,pyroxmangite ,-1245180,-1322500,0,-30
rhodonite ,rhod,-1244792,-1321750,810,100.5,3.494,138.4,0.004088,-1936000,-538.9,,,,0.0000508,1250000,0,0,0,,,,,,,,,,,,,,,,,,,,,,,,,,,,,55,rhodonite ,-1244760,-1321720,0,-30
wollastonite ,wo,-1548867,-1634060,530,82.5,3.993,159.3,0,-967300,-1075.4,,,,0.000046,795000,0,0,0,,,,,,,,,,,,,,,,,,,,,,,,,,,,,56,wollastonite ,-1548470,-1634040,0,-20
anthophyllite ,anth,-11342800,-12069200,3380,536,26.54,1277.3,0.025825,-9704600,-9074.7,,,,0.00005,700000,0,0,0,,,,,,,,,,,,,,,,,,,,,,,,,,,,,57,anthophyllite ,-11342220,-12068590,0,-610
cummingtonite ,cumm,-11332280,-12057480,3440,540,26.33,1277.3,0.025825,-9704600,-9074.7,,,,0.00005,700000,0,0,0,,,,,,,,,,,,,,,,,,,,,,,,,,,,,58,cummingtonite ,-11331610,-12056790,0,-690
FeCglaucophane ,fgl,-10185890,-10889740,4750,624,26.59,1762.9,-0.118992,9423700,-20207.1,,,,0.000053,890000,0,0,0,,,,,,,,,,,,,,,,,,,,,,,,,,,,,59,Fe�Cglaucophane ,-10186060,-10890010,0,270
FeCanthophyllite ,fanth,-8968456,-9627230,9280,725,27.87,1383.1,0.030669,-4224700,-11257.6,,,,0.00005,700000,0,0,0,,,,,,,,,,,,,,,,,,,,,,,,,,,,,60,Fe�Canthophyllite ,-8968900,-9627760,0,530
ferroactinolite ,ftr,-9837946,-10511240,3310,705,28.28,1290,0.029991,-8447500,-8947,,,,0.0000534,760000,0,0,0,,,,,,,,,,,,,,,,,,,,,,,,,,,,,61,ferroactinolite ,-9837330,-10511440,0,200
gedrite ,ged,-11583670,-12319430,7770,515,25.8,1307.7,0.023642,-9307400,-9799,,,,0.000048,770000,0,0,0,,,,,,,,,,,,,,,,,,,,,,,,,,,,,62,gedrite ,-11584190,-12319880,0,450
glaucophane ,gl,-11234260,-11969470,4070,535,26.05,1717.5,-0.12107,7075000,-19272,,,,0.000053,883000,0,0,0,,,,,,,,,,,,,,,,,,,,,,,,,,,,,63,glaucophane ,-11233990,-11969260,0,-210
grunerite ,grun,-8955916,-9613200,3440,730,27.84,1383.1,0.030669,-4224700,-11257.6,,,,0.00005,648000,0,0,0,,,,,,,,,,,,,,,,,,,,,,,,,,,,,64,grunerite ,-8956270,-9613640,0,440
pargasite ,parg,-11988600,-12720650,2670,601,27.19,1280.2,0.022997,-12359500,-8065.8,,,,0.0000534,912000,0,0,0,,,,,,,,,,,,,,,,,,,,,,,,,,,,,65,pargasite ,-11986810,-12719600,0,-1050
riebeckite ,rieb,-9352005,-10035240,8830,691,27.49,1746.9,-0.113572,9370300,-19468.7,,,,0.000053,890000,0,0,0,,,,,,,,,,,,,,,,,,,,,,,,,,,,,66,riebeckite ,-9352160,-10035550,0,310
tremolite ,tr,-11582820,-12310380,2910,550,27.27,1260.2,0.00383,-11455000,-8237.6,,,,0.0000534,762000,0,0,0,,,,,,,,,,,,,,,,,,,,,,,,,,,,,67,tremolite ,-11581420,-12309720,0,-660
tshermakite ,ts,-11809040,-12541200,2910,545,26.8,1244.8,0.024348,-11965000,-8112.1,,,,0.0000534,760000,0,0,0,,,,,,,,,,,,,,,,,,,,,,,,,,,,,68,tshermakite ,-11807730,-12540570,0,-630
deerite ,deer,-16901550,-18347650,6920,1650,55.74,3164.4,-0.027883,-5039100,-26721,,,,0.00005,630000,0,0,0,,,,,,,,,,,,,,,,,,,,,,,,,,,,,69,deerite ,-16902080,-18348400,0,750
FeCcarpholite ,fcar,-4069135,-4413200,1120,255,10.69,674.8,-0.010092,-715800,-6554.5,,,,0.00005,525000,0,0,0,,,,,,,,,,,,,,,,,,,,,,,,,,,,,70,Fe�Ccarpholite ,-4080260,-4433850,0,20650
FeCsapphirine ,fspr,-9275034,-9835510,12150,551,20.391,1257.8,-0.022171,-1664000,-11348.4,,,,0.000049,1200000,0,0,0,,,,,,,,,,,,,,,,,,,,,,,,,,,,,71,Fe�Csapphirine ,-9273620,-9834000,0,-1510
MgCcarpholite ,mcar,-4422148,-4781240,890,210,10.59,667.8,-0.012559,-1167100,-6440,,,,0.00005,525000,0,0,0,,,,,,,,,,,,,,,,,,,,,,,,,,,,,72,Mg�Ccarpholite ,-4430870,-4794700,0,13460
sapphirine(221) ,spr4,-10422090,-11019620,3330,443,19.905,1160.3,-0.024324,-7706600,-8974.2,,,,0.000049,1200000,0,0,0,,,,,,,,,,,,,,,,,,,,,,,,,,,,,73,sapphirine(221) ,-10415770,-11014080,0,-5540
sapphirine(793) ,spr7,-10468810,-11065630,3730,448,19.775,1167.9,-0.02487,-7607300,-9155.3,,,,0.000049,1200000,0,0,0,,,,,,,,,,,,,,,,,,,,,,,,,,,,,74,sapphirine(793) ,-10469450,-11067020,0,1390
annite ,ann,-4801284,-5151670,3300,418,15.432,815.7,-0.034861,19800,-7466.7,,,,0.0000579,513000,0,0,0,,,,,,,,,,,,,,,,,,,,,,,,,,,,,75,annite ,-4796020,-5143440,0,-8230
celadonite ,cel,-5462920,-5842420,3040,290,13.957,741.2,-0.018748,-2368800,-6616.9,,,,0.0000596,700000,0,0,0,,,,,,,,,,,,,,,,,,,,,,,,,,,,,76,celadonite ,-5464110,-5844480,0,2060
eastonite ,east,-5951586,-6338170,4700,318,14.738,785.5,-0.038031,-2130300,-6893.7,,,,0.0000579,513000,0,0,0,,,,,,,,,,,,,,,,,,,,,,,,,,,,,77,eastonite ,-5958830,-6348940,0,10770
FeCceladonite ,fcel,-5111168,-5477430,3080,329,14.07,756.3,-0.019147,-1586100,-6928.7,,,,0.0000596,700000,0,0,0,,,,,,,,,,,,,,,,,,,,,,,,,,,,,78,Fe�Cceladonite ,-5127780,-5497320,0,19890
margarite ,ma,-5857347,-6241230,1470,267,12.964,744.4,-0.0168,-2074400,-6783.2,,,,0.0000487,1300000,0,0,0,,,,,,,,,,,,,,,,,,,,,,,,,,,,,79,margarite ,-5856990,-6241190,0,-40
MnCbiotite ,mnbi,-5112696,-5462840,4870,433,15.264,809.9,-0.059213,-1514400,-6998.7,,,,0.0000579,513000,0,0,0,,,,,,,,,,,,,,,,,,,,,,,,,,,,,80,Mn�Cbiotite ,-5113370,-5463500,0,660
muscovite ,mu,-5603722,-5984180,3040,292,14.083,756.4,-0.01984,-2170000,-6979.2,,,,0.0000596,490000,0,0,0,,,,,,,,,,,,,,,,,,,,,,,,,,,,,81,muscovite ,-5603710,-5984120,0,-60
NaCphlogopite ,naph,-5791778,-6172820,2240,318,14.45,773.5,-0.040229,-2597900,-6512.6,,,,0.0000579,513000,0,0,0,,,,,,,,,,,,,,,,,,,,,,,,,,,,,82,Na�Cphlogopite ,-5791070,-6172140,0,-680
paragonite ,pa,-5565102,-5946340,1990,276,13.211,803,-0.03158,217000,-8151,,,,0.0000774,550000,0,0,0,,,,,,,,,,,,,,,,,,,,,,,,,,,,,83,paragonite ,-5565090,-5946330,0,-10
phlogopite ,phl,-5837110,-6219160,3080,328,14.964,770.3,-0.036939,-2328900,-6531.6,,,,0.0000579,513000,0,0,0,,,,,,,,,,,,,,,,,,,,,,,,,,,,,84,phlogopite ,-5837420,-6219440,0,280
Al-free chlorite ,afchl,-8067598,-8727380,2340,428,21.66,1146.6,0.011225,-7855900,-9328.8,,,,0.0000398,870000,0,0,0,,,,,,,,,,,,,,,,,,,,,,,,,,,,,85,Al-free chlorite ,-8078470,-8744200,0,16820
amesite ,ames,-8366184,-9034440,2020,410,20.52,1177,0.009041,-7458700,-10053,,,,0.0000398,870000,0,0,0,,,,,,,,,,,,,,,,,,,,,,,,,,,,,86,amesite ,-8378380,-9052530,0,18090
clinochlore ,clin,-8251820,-8912410,1850,430.5,21.09,1161.8,0.010133,-7657300,-9690.9,,,,0.0000398,870000,0,0,0,,,,,,,,,,,,,,,,,,,,,,,,,,,,,87,clinochlore ,-8263350,-8929860,0,17450
daphnite ,daph,-6522411,-7134850,3330,565,21.34,1237.4,0.013594,-3743000,-11250,,,,0.0000398,870000,0,0,0,,,,,,,,,,,,,,,,,,,,,,,,,,,,,88,daphnite ,-6535560,-7153990,0,19140
FeCsudoite ,fsud,-7268247,-7903900,2310,462,20.4,1466.3,-0.047365,-1182800,-14388,,,,0.0000398,870000,0,0,0,,,,,,,,,,,,,,,,,,,,,,,,,,,,,89,Fe�Csudoite ,-7275660,-7912770,0,8870
MnCchlorite ,mnchl,-7055984,-7666530,8810,595,22.59,1227.8,-0.02699,-6299800,-10469.4,,,,0.0000398,870000,0,0,0,,,,,,,,,,,,,,,,,,,,,,,,,,,,,90,Mn�Cchlorite ,-7065500,-7680490,0,13960
sudoite ,sud,-7969994,-8626160,1860,404,20.3,1436.1,-0.048749,-2748500,-13764,,,,0.0000398,870000,0,0,0,,,,,,,,,,,,,,,,,,,,,,,,,,,,,91,sudoite ,-7976770,-8634360,0,8200
antigorite ,atg,-66131830,-71424310,19910,3591,175.48,9621,-0.091183,-35941600,-83034.2,,,,0.000047,525000,0,0,0,,,,,,,,,,,,,,,,,,,,,,,,,,,,,92,antigorite ,-70622390,-71417980,0,-6330
chrysotile ,chr,-4031316,-4359030,1260,221.3,10.746,624.7,-0.02077,-1721800,-5619.4,,,,0.000047,525000,0,0,0,,,,,,,,,,,,,,,,,,,,,,,,,,,,,93,chrysotile ,-4030750,-4358460,0,-570
FeCtalc ,fta,-4454985,-4802920,3180,352,14.225,579.7,0.039494,-6459300,-3088.1,,,,0.000037,480000,0,0,0,,,,,,,,,,,,,,,,,,,,,,,,,,,,,94,Fe�Ctalc ,-4451060,-4799030,0,-3890
kaolinite ,kao,-3801544,-4122180,820,203.7,9.934,436.7,-0.034295,-4055900,-2699.1,,,,0.000051,645000,0,0,0,,,,,,,,,,,,,,,,,,,,,,,,,,,,,95,kaolinite ,-3801720,-4122330,0,150
prehnite ,pre,-5825874,-6203180,1210,292.8,14.026,724.9,-0.013865,-2059000,-6323.9,,,,0.000051,835000,0,0,0,,,,,,,,,,,,,,,,,,,,,,,,,,,,,96,prehnite ,-5825130,-6203160,0,-20
pyrophyllite ,prl,-5266628,-5640640,1160,239.4,12.81,784.5,-0.042948,1251000,-8495.9,,,,0.000075,525000,0,0,0,,,,,,,,,,,,,,,,,,,,,,,,,,,,,97,pyrophyllite ,-5266870,-5640850,0,210
talc ,ta,-5516905,-5897100,1600,260,13.625,622.2,0,-6385500,-3916.3,,,,0.000037,480000,0,0,0,,,,,,,,,,,,,,,,,,,,,,,,,,,,,98,talc ,-5516730,-5896920,0,-180
tschermaks talc ,tats,-5605944,-5987990,1200,259,13.51,549.5,0.036324,-8606600,-2515.3,,,,0.000037,480000,0,0,0,,,,,,,,,,,,,,,,,,,,,,,,,,,,,99,tschermaks talc ,-5605600,-5987610,0,-380
albite ,ab,-3711908,-3934560,1880,210.1,10.006,452,-0.013364,-1275900,-3953.6,,,,0.0000456,593000,950,16,0.124,,,,,,,,,,,,,,,,,,,,,,,,,,,,,100,albite ,-3711910,-3934600,0,40
analcite ,anl,-3091007,-3309900,1860,232,9.74,643.5,-0.016067,9302300,-9179.6,,,,0.00005,400000,0,0,0,,,,,,,,,,,,,,,,,,,,,,,,,,,,,101,analcite ,-3090970,-3309900,0,0
anorthite ,an,-4007855,-4233480,840,200,10.079,371.6,0.012615,-4110200,-2038.4,,,,0.0000238,919000,2300,11,0.05,,,,,,,,,,,,,,,,,,,,,,,,,,,,,102,anorthite ,-4007510,-4233480,0,0
coesite ,coe,-850845.9,-905470,360,40.8,2.064,96.5,-0.000577,-444800,-798.2,,,,0.000018,1000000,0,0,0,,,,,,,,,,,,,,,,,,,,,,,,,,,,,103,coesite ,-850890,-905520,0,50
cristobalite ,crst,-853065.4,-905990,350,46.5,2.61,97.9,-0.00335,-636200,-774,,,,0.0000081,600000,0,0,0,,,,,,,,,,,,,,,,,,,,,,,,,,,,,104,cristobalite ,-853120,-906040,0,50
heulandite ,heu,-9762054,-10599140,2900,669,31.8,1504.8,-0.033224,-2959300,-13297.2,,,,0.0000238,1000000,0,0,0,,,,,,,,,,,,,,,,,,,,,,,,,,,,,105,heulandite ,-9750350,-1059410,0,-9539730
high albite ,abh,-3706113,-3924800,1880,223.4,10.109,452,-0.013364,-1275900,-3953.6,,,,0.0000456,593000,0,0,0,,,,,,,,,,,,,,,,,,,,,,,,,,,,,106,high albite ,-3706120,-3924840,0,40
kalsilite ,kals,-2006166,-2121920,3050,134,6.04,242,-0.004482,-895800,-1935.8,,,,0.0000576,590000,0,0,0,,,,,,,,,,,,,,,,,,,,,,,,,,,,,107,kalsilite ,-2005980,-2121720,0,-200
laumontite ,lmt,-6707659,-7268470,1190,457,20.37,1013.4,-0.021413,-2235800,-8806.7,,,,0.0000238,1000000,0,0,0,,,,,,,,,,,,,,,,,,,,,,,,,,,,,108,laumontite ,-6707450,-7268610,0,140
leucite ,lc,-2866296,-3029160,2950,200,8.828,369.8,-0.016332,684700,-3683.1,,,,0.0000367,630000,938,18,0.482,,,,,,,,,,,,,,,,,,,,,,,,,,,,,109,leucite ,-2866190,-3029040,0,-120
meionite ,me,-13106120,-13843570,2780,752,33.985,1359,0.036442,-8594700,-9598.2,,,,0.0000316,870000,0,0,0,,,,,,,,,,,,,,,,,,,,,,,,,,,,,110,meionite ,-13104740,-13843650,0,80
microcline ,mic,-3750228,-3975110,2920,216,10.892,448.8,-0.010075,-1007300,-3973.1,,,,0.0000335,574000,0,0,0,,,,,,,,,,,,,,,,,,,,,,,,,,,,,111,microcline ,-3750190,-3975050,0,-60
nepheline ,ne,-1980453,-2095080,2070,124.4,5.419,272.7,-0.012398,0,-2763.1,,,,0.000081,600000,467,10,0.08,,,,,,,,,,,,,,,,,,,,,,,,,,,,,112,nepheline ,-1980350,-2095010,0,-70
quartz ,q,-856414.6,-910830,350,41.5,2.2688,110.7,-0.005189,0,-1128.3,,,,0.0000065,750000,847,4.95,0.1188,,,,,,,,,,,,,,,,,,,,,,,,,,,,,113,quartz ,-856460,-910880,0,50
sanidine ,san,-3744252,-3964960,2920,230,10.9,448.8,-0.010075,-1007300,-3973.1,,,,0.0000335,574000,0,0,0,,,,,,,,,,,,,,,,,,,,,,,,,,,,,114,sanidine ,-3744210,-3964900,0,-60
stilbite ,stlb,-10004410,-10898830,2480,710,32.87,1588.4,-0.032043,-3071600,-13966.9,,,,0.0000238,1000000,0,0,0,,,,,,,,,,,,,,,,,,,,,,,,,,,,,115,stilbite ,-10004330,-10899100,0,270
stishovite ,stv,-816146.1,-875630,670,24.5,1.4014,68.1,0.00601,-1978200,-82.1,,,,0.000025,3160000,0,0,0,,,,,,,,,,,,,,,,,,,,,,,,,,,,,116,stishovite ,-816200,-875680,0,50
tridymite ,trd,-853646.1,-906690,350,46.1,2.7,97.9,-0.00335,-636200,-774,,,,0.000005,750000,0,0,0,,,,,,,,,,,,,,,,,,,,,,,,,,,,,117,tridymite ,-853690,-906730,0,40
wairakite ,wrk,-6220278,-6666420,1210,375,19.04,838.3,-0.02146,-2272000,-7292.3,,,,0.0000238,1000000,0,0,0,,,,,,,,,,,,,,,,,,,,,,,,,,,,,118,wairakite ,-6220050,-6666540,0,120
baddeleyite ,bdy,-1043250,-1101030,1700,50.4,2.115,90.7,0,-813300,-438.8,,,,0.0000376,2225000,0,0,0,,,,,,,,,,,,,,,,,,,,,,,,,,,,,119,baddeleyite ,-1043570,-1101310,0,280
corundum ,cor,-1581750,-1675250,830,50.9,2.558,139.5,0.00589,-2460600,-589.2,,,,0.0000419,2520000,0,0,0,,,,,,,,,,,,,,,,,,,,,,,,,,,,,120,corundum ,-1581720,-1675190,0,-60
geikielite ,geik,-1479086,-1567490,1060,74.6,3.086,151,0,-1890400,-652.2,,,,0.0000495,1770000,0,0,0,,,,,,,,,,,,,,,,,,,,,,,,,,,,,121,geikielite ,-1478980,-1567420,0,-70
hematite ,hem,-743730.7,-825710,700,87.4,3.0274,163.9,0,-2257200,-657.6,,,,0.0000599,1996000,955,15.6,0,,,,,,,,,,,,,,,,,,,,,,,,,,,,,122,hematite ,-743730,-825730,0,20
hercynite ,herc,-1843802,-1959150,930,107.5,4.075,283.3,-0.005376,609800,-2713.6,,,,0.0000395,2120000,0,0,0,,,,,,,,,,,,,,,,,,,,,,,,,,,,,123,hercynite ,-1843850,-1959180,0,30
ilmenite ,ilm,-1154732,-1231300,900,108.9,3.169,138.9,0.005081,-1288800,-463.7,,,,0.0000495,1770000,1900,11,0.02,,,,,,,,,,,,,,,,,,,,,,,,,,,,,124,ilmenite ,-1154630,-1231250,0,-50
lime ,lime,-603307.3,-634950,570,38.1,1.6764,52.4,0.003673,-750700,-51,,,,0.0000665,1160000,0,0,0,,,,,,,,,,,,,,,,,,,,,,,,,,,,,125,lime ,-602920,-634940,0,-10
magnesioferrite ,mft,-1330005,-1440660,2140,126.5,4.457,217.9,0.000355,-3108000,-745.9,,,,0.0000696,1850000,665,12.9,0,,,,,,,,,,,,,,,,,,,,,,,,,,,,,126,magnesioferrite ,-1329870,-1440550,0,-110
magnetite ,mt,-1012308,-1115510,980,146.1,4.452,262.5,-0.007204,-1926200,-1655.7,,,,0.0000696,1850000,848,35,0,,,,,,,,,,,,,,,,,,,,,,,,,,,,,127,magnetite ,-1012310,-1115550,0,40
manganosite ,mang,-362815.6,-385150,520,59.7,1.3221,59.8,0.0036,-31400,-282.6,,,,0.000063,1640000,0,0,0,,,,,,,,,,,,,,,,,,,,,,,,,,,,,128,manganosite ,-362830,-385160,0,10
nickel oxide ,NiO,-211272.7,-239440,380,38,1.097,47.7,0.007824,-392500,0,,,,0.000062,1650000,520,5.7,0,,,,,,,,,,,,,,,,,,,,,,,,,,,,,129,nickel oxide ,-211270,-239440,0,0
periclase ,per,-569286.5,-601600,300,26.9,1.125,60.5,0.000362,-535800,-299.2,,,,0.000062,1650000,0,0,0,,,,,,,,,,,,,,,,,,,,,,,,,,,,,130,periclase ,-569340,-601650,0,50
pyrophanite ,pnt,-1280069,-1359240,2330,104.9,3.288,141.9,0.003373,-1940700,-407.6,,,,0.0000495,1770000,0,0,0,,,,,,,,,,,,,,,,,,,,,,,,,,,,,131,pyrophanite ,-1279930,-1359140,0,-100
rutile ,ru,-888953.7,-944180,830,50.6,1.882,90.4,0.0029,0,-623.8,,,,0.0000443,2225000,0,0,0,,,,,,,,,,,,,,,,,,,,,,,,,,,,,132,rutile ,-888920,-944190,0,10
spinel ,sp,-2176010,-2300720,930,81.5,3.978,242.7,-0.006037,-2315100,-1678.1,,,,0.0000431,1945000,0,0,0,,,,,,,,,,,,,,,,,,,,,,,,,,,,,133,spinel ,-2175640,-2300310,0,-410
ulvospinel ,usp,-1401906,-1497490,1110,175,4.682,-102.6,0.14252,-9144500,5270.7,,,,0.000069,1850000,0,0,0,,,,,,,,,,,,,,,,,,,,,,,,,,,,,134,ulvospinel ,-1401790,-1497440,0,-50
brucite ,br,-834258.6,-924920,330,64.5,2.463,158.4,-0.004076,-1052300,-1171.3,,,,0.00013,485000,0,0,0,,,,,,,,,,,,,,,,,,,,,,,,,,,,,135,brucite ,-834310,-924970,0,50
diaspore ,dsp,-920788.2,-999470,420,35,1.776,145.1,0.008709,584400,-1741.1,,,,0.0000797,2300000,0,0,0,,,,,,,,,,,,,,,,,,,,,,,,,,,,,136,diaspore ,-920730,-999400,0,-70
goethite ,gth,-490860.2,-561650,370,60.4,2.082,139.3,0.000147,-212700,-1077.8,,,,0.0000797,2300000,0,0,0,,,,,,,,,,,,,,,,,,,,,,,,,,,,,137,goethite ,-490860,-561660,0,10
ankerite ,ank,-1819515,-1971270,1480,187,6.606,341,-0.001161,0,-3054.8,,,,0.0000635,900000,1273,9,0.01,,,,,,,,,,,,,,,,,,,,,,,,,,,,,138,ankerite ,-1819290,-1971500,0,230
aragonite ,arag,-1128370,-1207580,520,89.5,3.415,192.3,-0.003052,1149700,-2118.3,,,,0.000115,650000,1240,9,0.04,,,,,,,,,,,,,,,,,,,,,,,,,,,,,139,aragonite ,-1128030,-1207650,0,70
calcite ,cc,-1129155,-1207470,520,92.5,3.689,140.9,0.005029,-950700,-858.4,,,,0.000044,760000,1240,10,0.04,,,,,,,,,,,,,,,,,,,,,,,,,,,,,140,calcite ,-1128810,-1207540,0,70
dolomite ,dol,-2161822,-2324430,700,156,6.434,358.9,-0.004905,0,-3456.2,,,,0.0000635,900000,1373,13,0.015,,,,,,,,,,,,,,,,,,,,,,,,,,,,,141,dolomite ,-2161510,-2324560,0,130
magnesite ,mag,-1027544,-1111360,360,65.1,2.803,186.4,-0.003772,0,-1886.2,,,,0.0000648,1460000,0,0,0,,,,,,,,,,,,,,,,,,,,,,,,,,,,,142,magnesite ,-1027740,-1111590,0,230
rhodochrosite ,rhc,-817283,-891090,660,98,3.107,169.5,0,0,-1534.3,,,,0.000065,800000,0,0,0,,,,,,,,,,,,,,,,,,,,,,,,,,,,,143,rhodochrosite ,-817220,-891060,0,-30
siderite ,sid,-688148.8,-761440,510,95,2.938,168.4,0,0,-1483.6,,,,0.00011,1200000,0,0,0,,,,,,,,,,,,,,,,,,,,,,,,,,,,,144,siderite ,-688160,-761500,0,60
diamond ,diam,3095.636,2070,70,2.3,0.3417,24.3,0.006272,-377400,-273.4,,,,0.0000165,5800000,0,0,0,,,,,,,,,,,,,,,,,,,,,,,,,,,,,145,diamond ,3130,2070,0,0
graphite ,gph,0,0,0,5.85,0.5298,51,-0.004428,488600,-805.5,,,,0.0000484,390000,0,0,0,,,,,,,,,,,,,,,,,,,,,,,,,,,,,146,graphite ,0,0,0,0
iron ,iron,0,0,0,27.32,0.7092,46.2,0.005158,723100,-556.2,,,,0.0000746,1680000,1042,8.3,0,,,,,,,,,,,,,,,,,,,,,,,,,,,,,147,iron ,0,0,0,0
nickel ,Ni,0,0,0,29.87,0.6588,49.8,0,585900,-533.9,,,,0.0000886,1870000,631,3,0,,,,,,,,,,,,,,,,,,,,,,,,,,,,,148,nickel ,0,0,0,0
CH4 ,CH4,-50660,-74810,390,186.26,0,150.1,0.002062,3427700,-2650.4,,,,0,0,0,0,0,,,,,,,,,,,,,,,,,,,,,,,,,,,,,149,CH4 ,-50660,-74810,0,0
CO ,CO,-137130,-110530,190,197.67,0,45.7,-0.000097,662700,-414.7,,,,0,0,0,0,0,,,,,,,,,,,,,,,,,,,,,,,,,,,,,150,CO ,-137130,-110530,0,0
CO2 ,CO2,-394332.9,-393510,80,213.7,0,87.8,-0.002644,706400,-998.9,,,,0,0,0,0,0,,,,,,,,,,,,,,,,,,,,,,,,,,,,,151,CO2 ,-394300,-393510,0,0
H2 ,H2,-0.004549408,0,0,130.7,0,23.3,0.004627,0,76.3,,,,0,0,0,0,0,,,,,,,,,,,,,,,,,,,,,,,,,,,,,152,H2 ,0,0,0,0
H2O ,H2O,-228542.3,-241810,20,188.8,0,40.1,0.008656,487500,-251.2,,,,0,0,0,0,0,,,,,,,,,,,,,,,,,,,,,,,,,,,,,153,H2O ,-228540,-241810,0,0
O2 ,O2,0,0,0,205.2,0,48.3,-0.000691,499200,-420.7,,,,0,0,0,0,0,,,,,,,,,,,,,,,,,,,,,,,,,,,,,154,O2 ,0,0,0,0
albite liquid ,abL,-3692308,-3934370,1890,145,10.71,358.5,0,0,0,,,,0.000045,390000,0,0,0,,,,,,,,,,,,,,,,,,,,,,,,,,,,,155,albite liquid ,-3692308,-3934370,0,0
anorthite liquid ,anL,-3987999,-4257750,920,52,10.206,417.5,0,0,0,,,,0.000049,200000,0,0,0,,,,,,,,,,,,,,,,,,,,,,,,,,,,,156,anorthite liquid ,-3987999,-4257750,0,0
diopside liquid ,diL,-2998363,-3208180,860,23.8,7.34,345.3,0,0,0,,,,0.000129,300000,0,0,0,,,,,,,,,,,,,,,,,,,,,,,,,,,,,157,diopside liquid ,-2998363,-3208180,0,0
enstatite liquid ,enL,-2876919,-3091760,1000,-2,6.9,354.9,0,0,0,,,,0.000129,260000,0,0,0,,,,,,,,,,,,,,,,,,,,,,,,,,,,,158,enstatite liquid ,-2876919,-3091760,0,0
fayalite liquid ,faL,-1345534,-1459210,780,102.5,4.695,239.7,0,0,0,,,,0.000169,410000,0,0,0,,,,,,,,,,,,,,,,,,,,,,,,,,,,,159,fayalite liquid ,-1345534,-1459210,0,0
forsterite liquid ,foL,-2061306,-2225160,790,-55,4.243,267.9,0,0,0,,,,0.000145,730000,0,0,0,,,,,,,,,,,,,,,,,,,,,,,,,,,,,161,forsterite liquid ,-2061306,-2225160,0,0
H2O liquid ,h2oL,-239717.4,-295710,210,45.5,1.414,80,0,0,0,,,,0.001079,40000,0,0,0,,,,,,,,,,,,,,,,,,,,,,,,,,,,,162,H2O liquid ,-239717.4,-295710,0,0
K-feldspar liquid ,kspL,-3741998,-3992670,2930,129.5,11.468,367.3,0,0,0,,,,0.00006,260000,0,0,0,,,,,,,,,,,,,,,,,,,,,,,,,,,,,164,K-feldspar liquid ,-3741998,-3992670,0,0
silica liquid ,qL,-858980.9,-920850,370,16.5,2.64,82.5,0,0,0,,,,-0.000005,470000,0,0,0,,,,,,,,,,,,,,,,,,,,,,,,,,,,,166,silica liquid ,-858980.9,-920850,0,0
sillimanite liquid ,silL,-2419264,-2583100,870,39,6.419,237.6,0,0,0,,,,0.00001,300000,0,0,0,,,,,,,,,,,,,,,,,,,,,,,,,,,,,167,sillimanite liquid ,-2419264,-2583100,0,0
Sylvite liquid,syvL,-392382,-416490,,95.3,3.857,66.9,0,0,0,,,,0.0005,59000,0,0,0,,,,,,,,,,,,,,,,,,,,,,,,,,,,,,,-392382,-416490,0,0
halite liquid,hltL,-368650.2,-393420,,79.7,2.965,72,-0.003223,0,0,,,,0.0005,66000,0,0,0,,,,,,,,,,,,,,,,,,,,,,,,,,,,,,,-368650.2,-393420,0,0
fayalite liquid ,fa8L,-2691088,-2918440,1560,205,9.39,479.4,0,0,0,0,0,0,0.000169,410000,0,0,0,,,,,,,,,,,,,,,,,,,,,,,,,,,,,,,,,,
forsterite liquid ,fo8L,-4122632,-4450340,1580,-110,8.486,535.8,0,0,0,0,0,0,0.000145,730000,0,0,0,,,,,,,,,,,,,,,,,,,,,,,,,,,,,,,,,,
silica liquid ,q8L,-3435943.6,-3683420,1480,66,10.56,330,0,0,0,0,0,0,-0.000005,470000,0,0,0,,,,,,,,,,,,,,,,,,,,,,,,,,,,,,,,,,
sillimanite liquid ,sil8L,-3870842.4,-4132980,1392,62.4,10.2704,380.16,0,0,0,0,0,0,0.00001,300000,0,0,0,,,,,,,,,,,,,,,,,,,,,,,,,,,,,,,,,,
ferric opx,mots,-2571125,-2742550,725,149.25,6.1347,383.6,-0.007027,-296700,-3581.3,0,0,0,0.0000598,882000,,,0,,,,,,,,,,,,,,,,,,,,,,,,,,,,,,,,,,